target_id,task_id,ddv_cos,ddv_euc
1,2,0.0004940857817771205,0.0001986116749586042
1,3,0.000575910308768024,0.0003273611487222272
1,4,0.0012375435901548215,0.00023515376317106984
1,5,0.0009262960285431054,0.0003499903794178527
1,6,0.0004304584445095072,7.936322687873698e-05
1,7,0.0007770909674343907,0.00023150757905465724
1,8,0.000694327529895622,0.00023373149628980183
1,9,0.0008347429949339125,0.0001248912676430347
1,10,0.0004808350670552075,0.0002110147202178947
1,11,0.00045874147492686035,0.00015336722093173272
1,12,0.0011509566773326707,0.0001984436096318376
1,13,0.00038977185589994523,0.00011478944325260532
1,14,0.0013216549446727344,0.0002082249071043707
1,15,0.0006086426617368801,0.00013080492990358294
1,16,0.0007134620408665304,8.616292118646118e-05
1,17,0.0007639292589265434,0.0002343995085497541
1,18,0.0007311021417820696,0.0001390543761546903
1,19,0.0005820526907387436,0.0001408947506906788
1,20,0.001935838061550621,0.00020728707504746868
1,21,0.0006377332974706329,9.831022249895405e-05
1,22,0.0014688123601321879,0.00014025134175910114
1,23,0.000823124429803479,0.00014987324905624266
1,24,0.0005902384935050353,0.00019593909448256674
1,25,0.0004432780398925251,0.00014567531109144216
1,26,0.002034692533120608,0.0001225123691868113
1,27,0.0014185268720391386,9.667581325067953e-05
2,1,0.0008847052310138048,0.0004003276999067218
2,3,0.0012082330045904977,0.0006029766525430524
2,4,0.0007653771216102889,0.0002544275300544463
2,5,0.0008805936513909263,0.00015183040011945703
2,6,0.0002717585819911328,0.00021325589406839818
2,7,0.0007325718792954294,0.0003644752768490189
2,8,0.0005316235761532173,0.0003892410094002985
2,9,0.0004995790022280788,0.0001906062578177492
2,10,0.0002932206314970598,0.00037655652460755196
2,11,0.00039041248697069264,0.0001906325272439391
2,12,0.0008315270132621677,0.00022358634307051428
2,13,0.0007337164912144534,0.0002739809615724953
2,14,0.0004767836071635223,0.0002700805627329217
2,15,0.0004309783380277432,0.00020491822996093756
2,16,0.001154387865059614,0.00015939313881119244
2,17,0.000723593434754588,0.00020577718089587194
2,18,0.00040055778497427585,8.355345961053029e-05
2,19,0.0007475261896032759,0.00024285136124080342
2,20,0.0013407870785003828,0.0002917075190735918
2,21,0.0003851480901843063,0.0002214749056385079
2,22,0.0013052097131291962,0.00010142596129614212
2,23,0.0008950394463500544,0.00017230048123073605
2,24,0.0007637121322203733,0.0001647434243126078
2,25,0.0004917457522147783,7.741103463820842e-05
2,26,0.001139216065095483,0.0001750857165262465
2,27,0.0013917885436891542,0.00021478494995486042
3,1,0.0016443822525173957,0.0003510790209377834
3,2,0.0005128160009421068,0.0004628339018404315
3,4,0.0004752522161933781,0.000271129527608327
3,5,0.0023252860129373554,0.00043612609172227756
3,6,0.0013196532302336417,0.0002807107243111284
3,7,0.0005976667388049028,0.0003237086160499114
3,8,0.00035974353144940796,0.00045299711410995425
3,9,0.0007443455429978485,0.00015594667214324787
3,10,0.0005671551057034874,0.00033946200336054666
3,11,0.0005416387284978841,0.00033721186408230963
3,12,0.0008397717953418926,0.0003000481027951585
3,13,0.0009288069545467792,0.000162715317444162
3,14,0.0012607571940205231,0.0003499356408055432
3,15,0.0002543784278106198,0.0002738333930376591
3,16,0.0008573810616749888,0.00030587475222187965
3,17,0.0002174045513066991,0.0002735315442293773
3,18,0.0011818417988102015,0.0001313469881728535
3,19,0.0016065071685179566,0.00034587325044854733
3,20,0.002242307361208118,0.00027864778452746375
3,21,0.0004452917280763913,0.0001386547540249694
3,22,0.0011591625693485597,0.00028860420850385093
3,23,0.0010471835647901662,0.00021150448121087795
3,24,0.0006149753438848826,0.00027013763391625645
3,25,0.0006614165045256692,0.00023145741985919344
3,26,0.0015397559007632733,0.00022693376939475485
3,27,0.0016733136260687065,0.0002372056243992171
3,28,0.0026862652407357857,0.0002498077118627817
4,1,0.0014433290462511073,0.0002796649883031188
4,2,0.0007588061324147466,0.00046232476711272064
4,3,0.0006982966253049616,0.0003325792314987641
4,5,0.0011911844168608354,0.0005930706863263024
4,6,0.0017273569290775503,0.00015069450889848568
4,7,0.0007410850958220472,0.00029997803768311293
4,8,0.0004371311925395194,0.0003858815411429406
4,9,0.0007445692453940111,0.0001060512927693047
4,10,0.0006592623816983334,0.0002148197924388695
4,11,0.0008945861629913177,0.0002903792606517852
4,12,0.000332502933448553,0.0004621079159573549
4,13,0.00037359164822148294,0.00015527390302094712
4,14,0.0009690699104049072,0.0003326081955110638
4,15,0.0003486614268237709,0.00019484325559526727
4,16,0.00155717365677277,0.00018174612858068429
4,17,0.0006088791604186294,0.0001549117453825133
4,18,0.00033780369347602424,0.00027114142912199046
4,19,0.001751171544985053,0.00042456885095121244
4,20,0.002304271348467557,0.0001799627610615806
4,21,0.00025512658491855245,8.707411154640354e-05
4,22,0.002092267879303056,0.00025207158300977195
4,23,0.0006510954620186915,0.00024976954110000893
4,24,0.0013255367292575038,0.0001182271944817348
4,25,0.0003134317019749533,0.0002059265080486261
4,26,0.0009004096491905811,0.00012993707278807776
4,27,0.003613977535095958,0.0001308187997790533
4,28,0.0024983749593888716,0.00013402812821117216
5,1,0.0011586552112261561,0.00023553955841348895
5,2,0.0004617314469510525,0.00016264345344429998
5,3,0.0010804195748210788,0.0002880185226705745
5,4,0.0005120902366546609,0.00021941973249384183
5,6,0.002595776113780035,0.00020242202525078135
5,7,0.00025993538321633647,0.000307759831114085
5,8,0.0004050523810394946,0.00012043719973253708
5,9,0.002302261986386611,8.916812408144015e-05
5,10,0.0006291080191883625,0.0002316508463855449
5,11,0.0003811943720488653,0.00018240921684686828
5,12,0.000814735712404091,0.0003509889931361254
5,13,0.0004770490607375333,8.06987105141932e-05
5,14,0.0004896338839083247,0.00017344779340655592
5,15,0.0006056430083397624,0.00012446598595883263
5,16,0.0008655913433908147,0.0001761319992547028
5,17,0.0008971311599456078,0.0002273348538173181
5,18,0.0007639204858633786,8.544935476251236e-05
5,19,0.0011324116009043816,0.00010100973667837021
5,20,0.002710369256158418,0.00023225178463892604
5,21,0.0002500178981331702,0.00023937080899949503
5,22,0.0010151538555717154,9.794057990741845e-05
5,23,0.0004481124153572491,0.000144019754964253
5,24,0.0005016748118475967,0.00015176744608980108
5,25,0.000521998074869745,6.904940995045017e-05
5,26,0.00030959709730782325,0.00014104052912655707
5,27,0.00285138329528567,0.00019357798493846445
5,28,0.0015657766159421493,0.00012034428149809706
6,1,0.000597867884296166,0.00032867573731065747
6,2,0.00024663777187849956,0.00024561441001658135
6,3,0.0010435817474510056,0.00033277287721911186
6,4,0.0005505365381800464,0.0001556489873147937
6,5,0.0024567731452544983,0.00032497182693635995
6,7,0.000632512036123356,0.0003495304820818612
6,8,0.0006972802776090692,0.00025938442313644394
6,9,0.0017292828312696074,0.0001467101920297198
6,10,0.00048411984335661185,0.00028820895409231717
6,11,0.0009985014354156885,0.00022416232943500702
6,12,0.0003619628082305315,0.0003363199730247457
6,13,0.0006960916448091048,0.00010084676239152657
6,14,0.00035171265245403927,0.0002115936485176384
6,15,0.0002148279002291975,0.00016382411184356904
6,16,0.0017324133403349151,0.00014700960982183542
6,17,0.0009547616947658266,0.00018303715046597002
6,18,0.0002539339192295653,0.00023879463877873874
6,19,0.0008124329952675646,0.0003290023893820493
6,20,0.0017441456831776003,0.00020396199277394889
6,21,0.0005112974793846092,0.00017229311728339525
6,22,0.0007264649489797659,0.00018808590536667502
6,23,0.000637831790276655,0.00022056375599088796
6,24,0.0008726288412119754,0.00018023331587668778
6,25,0.0004763981448679955,9.08971308331008e-05
6,26,0.0011942850780790604,0.00017589566973730264
6,27,0.001988058304368434,0.00019939022151427288
6,28,0.001179857105402693,0.00014746212203264886
7,1,0.001744803564145636,0.0004356652392873972
7,2,0.0006611153395782443,0.0005357894686933706
7,3,0.0009385770974503771,0.00045703698643417834
7,4,0.001231802672050697,0.00027151247198420325
7,5,0.0004017735355829055,0.0005593375620864816
7,6,0.0006171099478226028,0.00037685109522356264
7,8,0.00127738551601142,0.0002851662071698957
7,9,0.0005520948062255338,0.0001794662893842558
7,10,0.0003902416076446702,0.00030956536389259437
7,11,0.0007458731064357016,0.00012062521794087289
7,12,0.0011898274653067142,0.0004037533500365065
7,13,0.0003877089401320699,0.00018374816915223136
7,14,0.0007397693084257861,0.0003982539060845003
7,15,0.0001980764089336562,0.00030049001303267264
7,16,0.0009146957921399856,0.0003275536753332142
7,17,0.0006555993973855756,0.00035414121713883695
7,18,0.0004999714683946443,0.00021942094285387626
7,19,0.001405896630691128,0.00047978963188011203
7,20,0.0009676847990410797,0.00030087293147318395
7,21,0.0008221021832567343,0.00039491440687922097
7,22,0.001471716259701883,0.00033481729941486904
7,23,0.0005791942626071078,8.366577700646971e-05
7,24,0.0008260432245821292,9.114517355024443e-05
7,25,0.0004523668710145756,0.00031588607869914576
7,26,0.001017129291528085,8.50042286999475e-05
7,27,0.0021475597746302144,0.0003952705644176824
7,28,0.003113761285325811,0.0002656813421847426
8,1,0.0008344486095994696,0.00043685665165660303
8,2,0.0005239517875832433,0.0005021083068650345
8,3,0.0004026407518462616,0.000651782135287049
8,4,0.0004811800824034984,0.00027083050726706137
8,5,0.000783302450861334,0.00040520107190100685
8,6,0.0006765783486434307,0.00028557060397826906
8,7,0.001265478427425748,0.0004095060301378961
8,9,0.0017473820814840613,0.000117206855101748
8,10,0.0005540785052176034,0.00033256276439197485
8,11,0.0004590399816198909,0.0001895341945123974
8,12,0.0006317870052653385,0.00042324209489008613
8,13,0.0004379999782043731,0.00019301274080996134
8,14,0.0005251449776833006,0.0002927042028160187
8,15,0.0005620181513418254,0.00022744465749580112
8,16,0.0008007335442112851,0.0003927296838005523
8,17,0.0008570139702883672,0.00044823661962478667
8,18,0.00042105686055349256,0.00026557900798507283
8,19,0.0021887805277133188,0.00031723972316399784
8,20,0.002059810671255047,0.00030555076197336106
8,21,0.00027512382076044783,0.00025059343735356343
8,22,0.0015129224972665334,0.00024110622846162943
8,23,0.0003417282617333983,0.0002442251817611485
8,24,0.0011073515185295868,0.00015762169340904908
8,25,0.0007829906759931893,0.0001722620019564136
8,26,0.0008560941363529029,0.00020103887943623278
8,27,0.002397108412635629,0.0003291238902625171
8,28,0.002261990820149551,0.00024597295574102507
9,1,0.0011643851483963408,0.00044224928299096966
9,2,0.0006640091909422274,0.00036894604776482876
9,3,0.000857503884721944,0.0005915429507222791
9,4,0.0007723694468192432,0.00025670668208610525
9,5,0.0023347260981797513,0.00035127239363508256
9,6,0.002742060256823331,0.0002883355171696689
9,7,0.000166906951379997,0.00031192719595318774
9,8,0.001392714739671841,0.0003739460506108072
9,10,0.00035203631495506205,0.00036702874365812654
9,11,0.000661800669665924,0.00023749358528135645
9,12,0.00041710204331546485,0.00031903057197224527
9,13,0.0005669305014361914,0.0002569675769946711
9,14,0.0007194924833225924,0.0004987227161803442
9,15,0.0005747752070586198,0.00015655596774655223
9,16,0.002011820405462439,0.0001942589530764538
9,17,0.000872271886800613,0.0001705718929098099
9,18,0.0003264357131663731,0.00029131585716157815
9,19,0.000480310123443517,0.0005020145253222807
9,20,0.0006927941794020454,0.00012774773848944765
9,21,0.00039354836099791957,0.0001447374299727855
9,22,0.002333745779088958,0.00019759452432199787
9,23,0.000945387398089137,0.0003314835470490385
9,24,0.0012688489728944763,0.00018361034484559724
9,25,0.0005299144187885796,0.0001342902432206472
9,26,0.000737279650102618,0.0001514470475474372
9,27,0.0034849947969289863,0.00032597505691078776
9,28,0.000853392562600197,0.0002233028281051208
10,1,0.000637311450771838,0.00023093085149783477
10,2,0.00020348475076248373,0.00015893430993152435
10,3,0.0007440906812919978,0.00028415462553932347
10,4,0.0007462848763031271,0.0001590848003111267
10,5,0.0007201600574964218,0.00022587891923453451
10,6,0.0006739376040839629,0.00012128013988055297
10,7,0.00031848488578090084,0.0002646426256728285
10,8,0.0007308529526507401,0.00020687051718670801
10,9,0.00032219535649824493,0.00016202270366894034
10,11,0.0003413461829260278,0.00024507755647640295
10,12,0.0008926892583747126,0.00020687785893735988
10,13,0.0004575855083389646,0.00019090342656091774
10,14,0.00032188176213887587,0.000164296359970173
10,15,0.0003194637199972483,0.00017615961399519708
10,16,0.0009770728421808483,8.951436696846837e-05
10,17,0.0009247159807066474,0.00024451233023148333
10,18,0.0004530822024254588,0.00015066803195895595
10,19,0.0007423402276808266,0.00015695767532653004
10,20,0.0005573059906670563,0.0001591348716294405
10,21,0.000604903414069935,0.0001437093010887569
10,22,0.0006307716322847545,0.0001748419765397191
10,23,0.0003933861393137228,4.913473745671304e-05
10,24,0.0007445183734661187,0.00019985075192230362
10,25,0.0007526355240973226,0.00012319962611107016
10,26,0.0007831300729823631,8.451871108428044e-05
10,27,0.0005670029711878355,0.00014554557867030304
10,28,0.0013975299400363905,0.00014415475851292658
11,1,0.00045391492724911053,0.0003041793406174387
11,2,0.00017590886609419876,0.0002924949169842428
11,3,0.0006149458830720933,0.00036265187198458726
11,4,0.0006727565261828161,0.00018279264144405172
11,5,0.0005345972268707699,0.0002829116999893966
11,6,0.0010844094792790138,0.00018776591193869763
11,7,0.000491986472062389,0.00014234168319493534
11,8,0.0005502773489007851,0.0002889380847627132
11,9,0.00046653916768246706,7.970346532482075e-05
11,10,0.00017495867777572727,0.00042146671739351493
11,12,0.0004013840700816118,0.000379580793751777
11,13,0.000403407280826551,0.00011281223026904375
11,14,0.0005679368451987354,0.00034524018130599465
11,15,0.00027555101968190776,0.00017825326855502865
11,16,0.0005104274426364075,0.00028881396024960093
11,17,0.00047889991389660214,0.00022948742912265452
11,18,0.00035283437926403316,6.361583390834813e-05
11,19,0.0009918811901453717,0.00010890572651012231
11,20,0.0007943033603986516,0.00039293739673473826
11,21,0.0009094604663660855,0.00019778094854705497
11,22,0.0011564101355725498,0.00012004426195322271
11,23,0.00028856871096305525,0.00010051664264076887
11,24,0.0008116514778716555,0.0002225917743746697
11,25,0.0005798300551534963,0.00027517016889411217
11,26,0.0007549785679541454,6.350725411097269e-05
11,27,0.0008533305751430298,0.0002671505509538319
11,28,0.0009025977116471351,0.0001562212332144597
12,1,0.001367664878120567,0.0002327401654584893
12,2,0.0004997412301631643,0.00014350865418055747
12,3,0.0005870569669278458,0.0002689594310965049
12,4,0.00019649266507171248,0.00033000565154417405
12,5,0.0009833006195731908,0.000521351934591685
12,6,0.000336005824254082,0.0002245533354627849
12,7,0.0009179446430106486,0.0003168825351640425
12,8,0.0010311737529736797,0.0003075248148352028
12,9,0.0003997795262556947,0.00010741030379657346
12,10,0.0006058407412415923,0.00031612524096102934
12,11,0.0008003765697439658,0.00016467269833053688
12,13,0.00034704063889556824,0.00010285540866472598
12,14,0.0003686100336974807,0.000276662874609479
12,15,0.00040014066106763835,0.0001017620611399872
12,16,0.0008662849419214247,0.00012698694868118476
12,17,0.0010622078436772764,0.00028627769943345704
12,18,0.00015422844177581663,0.00013935762753380931
12,19,0.0003926098490476537,0.00013354419359556946
12,20,0.0008412957346743966,0.000303312525614885
12,21,0.00016838648777173226,0.00012758122648015569
12,22,0.0008458582297806716,7.248528479220084e-05
12,23,0.0002732066334312222,0.00014957578268082194
12,24,0.0005233842063917526,5.86812773351042e-05
12,25,0.0004305970170062068,0.00016628352287384462
12,26,0.00107215615499745,0.00015534573466124968
12,27,0.001094466448507414,0.00022773722538493857
12,28,0.002595693953234224,0.0002467550881822822
13,1,0.001123531160922786,0.0002957108586554291
13,2,0.0010366597808619815,0.00044243601383509024
13,3,0.0010166733962051477,0.0004139933730529233
13,4,0.0005913600518462347,0.0003240097648049556
13,5,0.0005667767580379568,0.00031066346334573947
13,6,0.003040644700718187,0.0002117880929793925
13,7,0.0006848514389093951,0.0002768188967028351
13,8,0.0005278190333788402,0.00031240453950387437
13,9,0.001449590604384987,0.00012017980848022525
13,10,0.0006643350974833151,0.0002780540040434598
13,11,0.0005867303507027799,0.0001918292722089543
13,12,0.00046461087652338584,0.00033578586985627545
13,14,0.0007210648292528266,0.0003684747784361564
13,15,0.00037695989109454153,0.00015119648090888838
13,16,0.0008052887537365327,0.0002873828159422054
13,17,0.0006205910592946839,0.0002119975124338369
13,18,0.0005702483464284924,0.00019425832821562405
13,19,0.0013846015850977889,0.0003763996963623839
13,20,0.0017620251748151627,0.0002488527725048595
13,21,0.000593355211030655,9.765227901603613e-05
13,22,0.0009376341154797574,0.00014981688926030134
13,23,0.0004208676978562087,0.0002914341714640445
13,24,0.0012451785436670137,0.00024543195603943246
13,25,0.00038691452652561686,0.00013927261190505025
13,26,0.0012376185613237611,0.000163956567853063
13,27,0.0028046315708564196,0.0002794608092608897
13,28,0.002910914861709135,0.00015726109888258843
14,1,0.002088212718258098,0.0003518487153748584
14,2,0.00033765170812605216,0.00032281263991817966
14,3,0.0011942452998494613,0.0004519792569412928
14,4,0.0019417439992095442,0.00017115823905733407
14,5,0.0008619001844212271,0.0002632114158752641
14,6,0.0009389305827960381,0.00018585939554571773
14,7,0.0006375210953049049,0.0003819424408638694
14,8,0.0008011375507143148,0.0002494685045931755
14,9,0.001217103673830433,0.00020807831598890214
14,10,0.00032448404398388586,0.00023973321854298124
14,11,0.0008755922582260878,0.00032591390063518855
14,12,0.0006404148244752994,0.00026872864771620986
14,13,0.00032089613877361867,0.00020346343411625778
14,15,0.0005034009546602825,0.00022589678948781167
14,16,0.0016368846962048211,0.0002627575850245867
14,17,0.0013426984316460278,0.0003473520636466665
14,18,0.00038404925542789847,0.0001939863933352326
14,19,0.0006353643908524331,0.0001644374432414608
14,20,0.0016436716544848684,0.00047323689246669964
14,21,0.00092028063061389,0.00017471640946176148
14,22,0.0017029252335271083,0.0001883381866889522
14,23,0.0004315295153505261,0.00019743178291042884
14,24,0.0010809137320244577,0.00022376714164673572
14,25,0.0006540300214250561,0.0002790142263657813
14,26,0.0002857589948763728,0.0001627709861082849
14,27,0.0029810656551745307,0.00022045115782287628
14,28,0.0020903296746914712,0.00019862752597810118
15,1,0.0022205676772475424,0.0002277564832139367
15,2,0.0006373019413544734,0.00024211624624137507
15,3,0.0009989848457930828,0.000460515711093179
15,4,0.0004919223229241654,0.00026638904957287934
15,5,0.001483879792361309,0.00041191169904120084
15,6,0.0003464395512255969,0.00019831669551551023
15,7,0.00045835485109657625,0.0004357010742555012
15,8,0.000988089927812963,0.00038373969299343447
15,9,0.0010911338696520945,0.0001288745833585292
15,10,0.00044851379246235723,0.0003133861219497547
15,11,0.0005143153076037077,0.00020524062682569788
15,12,0.000748619717090282,0.0003192391463909816
15,13,0.0004196637920468316,0.00013895039356948136
15,14,0.000685819857766834,0.0004047966931708391
15,16,0.000944725528957413,0.00010228868300155014
15,17,0.0006695145208367448,0.0003364348710815923
15,18,0.00020010548292159758,0.0003476132654282038
15,19,0.0005536168940574182,0.00022654844181480005
15,20,0.0020194697556454866,0.00017823468766531292
15,21,0.0002578337193410718,0.00016600636581942663
15,22,0.0008575599340817641,9.081006651689982e-05
15,23,0.00034196582017653743,0.00032652025110890825
15,24,0.0004336345943399822,9.125769158613295e-05
15,25,0.0005979558659868767,0.00018121504488788354
15,26,0.0018031837603452727,0.00017826536641407653
15,27,0.001485622861389202,0.00021863499913032935
15,28,0.0023167410049202974,0.00019176071456306065
16,1,0.0006009351124921514,0.00020529919762779514
16,2,0.0007635181121771195,0.0002707095590499531
16,3,0.0007325233143633536,0.0004814308586023053
16,4,0.0018712979691938303,0.00018017595874919579
16,5,0.00140553551774103,0.0004250531999537843
16,6,0.0015049884726070495,0.00011578923376764916
16,7,0.000613287723091327,0.00039737056812827465
16,8,0.0012924007478108956,0.0004431528896519099
16,9,0.0011789376849423716,9.047756018731867e-05
16,10,0.0004683637118463313,0.00025659720721149526
16,11,0.00028637911137741057,0.00026806648297150737
16,12,0.0006513473901407218,0.00037102386061449444
16,13,0.00043254899766564936,0.00014647538424406026
16,14,0.0010422535118715937,0.0003412082481305534
16,15,0.00038370607573301463,0.00016408758995978268
16,17,0.0009144846652557881,0.00022603784893748813
16,18,0.00040869400151133384,0.0002722888785583466
16,19,0.0014446424163370164,0.00023848946107041247
16,20,0.0033989113460989318,0.00019873664672098723
16,21,0.0004639915122712779,9.514528004317402e-05
16,22,0.0024759005033346826,0.00013943485613931994
16,23,0.000260688720306379,0.0002629827802468343
16,24,0.0007553888977431811,0.0002084958568689954
16,25,0.0004345320512303408,0.0001865214167284801
16,26,0.0012211646154828282,0.00014478276823015612
16,27,0.0020851968776466334,9.719037227196026e-05
16,28,0.0018804442667189614,0.00021573381575312744
17,1,0.0016888227154130409,0.00043799518476750343
17,2,0.00046371831513358774,0.0003370502194679492
17,3,0.0006571340011932714,0.00036241705233786004
17,4,0.00047390733500307647,0.00022175792982026543
17,5,0.002482890304732366,0.0003930030229588599
17,6,0.0015974531802601666,0.00018679494131879082
17,7,0.0004734785772086969,0.0004609643273445485
17,8,0.0010608669328724396,0.0005106762050749447
17,9,0.0011926082824794682,0.00013899302925068913
17,10,0.0004974251993800083,0.00044552306716916235
17,11,0.00038706525173271,0.00035396314986191335
17,12,0.0009109257105410773,0.00043678536357549813
17,13,0.00027769954779288675,0.00014750978547772853
17,14,0.0009642513844274614,0.00040875016158270494
17,15,0.0005189943852381695,0.0002510731280305212
17,16,0.0012943961256439707,0.0003275518407760414
17,18,0.00020700019656072488,0.0003213302908998683
17,19,0.0007296739186986034,0.00037834274362869014
17,20,0.0020316867824567986,0.00031569141398701817
17,21,0.0002797517067474331,0.00022776429001403198
17,22,0.0011843032154539301,0.00021607731478234804
17,23,0.0005034946210393798,0.0002836467894841155
17,24,0.000664799766232016,0.000176925571266362
17,25,0.000606495196703527,0.00015464270821774484
17,26,0.0021724988326067285,0.00024702135421272864
17,27,0.0031465726987912612,0.00021197122516336542
17,28,0.0018753156051111164,0.0001880264816696009
18,1,0.0023381514887035326,0.00028878910301843863
18,2,0.0007452748151383082,0.0001927463076780711
18,3,0.0019350557913517807,0.0003613538492935886
18,4,0.0011530117698267395,0.00024401390883510565
18,5,0.0009966955809993516,0.0002589701496390484
18,6,0.0008218928167863515,0.00023648318213809194
18,7,0.0007395755738310861,0.00022069593222373562
18,8,0.0007978879419459073,0.00041574156397250484
18,9,0.00038461514423182575,0.00015411787928998333
18,10,0.0007435585091847274,0.0002799211953723457
18,11,0.0005626383315371353,0.00019418883879107618
18,12,0.0004166732770091164,0.00019240219672100878
18,13,0.0005155319354515076,0.0002039678368942477
18,14,0.0007817440083686122,0.00020798540264688192
18,15,0.00033346695631464307,0.00025631757219979345
18,16,0.0009160729266071144,0.00019363686604878527
18,17,0.0005851275245610799,0.0001863041463211479
18,19,0.0010526317307134603,0.00016929041144331247
18,20,0.0012493034100182765,0.0002984694150706124
18,21,0.00016317679082433756,0.00021103242967235314
18,22,0.0007745678084021268,0.00018649968488093638
18,23,0.0004934366790232403,0.00012440633765731235
18,24,0.0013590320401152267,0.0002505106972712223
18,25,0.0003021768979420969,0.0001407566649206382
18,26,0.0015319646851397195,0.0001535403677137559
18,27,0.002285114812209721,0.00022246105861034593
18,28,0.003302802870595034,0.00014954077094642138
19,1,0.0009789185977998605,0.00040262752925801504
19,2,0.0009179168309421115,0.00027786354957648474
19,3,0.0013708598522375048,0.0006173605808423854
19,4,0.002080137830729911,0.00044671026728904106
19,5,0.003047259106359057,0.00019753048252812988
19,6,0.003349140164426223,0.0003360516514717693
19,7,0.0010879904135284724,0.0005851719427012458
19,8,0.0027706685040236323,0.000586431846950286
19,9,0.00033818419700060165,0.0002641148133383231
19,10,0.0008341687535017295,0.00045213723777282055
19,11,0.0008004374304896311,0.00022847829885075388
19,12,0.00038398762367330974,0.00023976609301268326
19,13,0.0015658280955946902,0.00021534157515412655
19,14,0.0006106311148115218,0.0004055747490220307
19,15,0.0006331769165470735,0.00020362477319446626
19,16,0.0027210365434222616,0.00019246504398540143
19,17,0.0015739823522229468,0.00019236436441216753
19,18,0.0009316094862463764,0.0003040634173108181
19,20,0.0024978283868757334,0.00040782813243100957
19,21,0.0002519213602729664,0.0002752334981555027
19,22,0.0015746814137965748,0.00011340950395022364
19,23,0.0006564663495706169,0.00034153726699603926
19,24,0.0010421037519978693,0.00024266787959115188
19,25,0.0008634194607106682,0.0002850334536791399
19,26,0.001728784721171217,0.000334866022031477
19,27,0.0025802190370934897,0.0003338129696214276
19,28,0.0034315646552744994,0.0003043477057834698
20,1,0.0015343881695490946,0.00027427505190169565
20,2,0.0004975896583573336,0.0003843629838120588
20,3,0.001412195521956039,0.0003604574096170987
20,4,0.0019703372165399413,0.00023201732096722605
20,5,0.0027782527056890993,0.0005735612322993466
20,6,0.0018331355284585404,0.00017074191883781342
20,7,0.0008255335967904953,0.0002908067188288621
20,8,0.001482525895123099,0.0002870385307129908
20,9,0.0009334150212971792,9.084407179282827e-05
20,10,0.00043421483230809965,0.00036313737021398396
20,11,0.0008804151300132457,0.0003242104110685595
20,12,0.00037010461422060104,0.0005016710061966911
20,13,0.0008605124572461653,0.00011174420249360217
20,14,0.000519328322887147,0.0004342037033473467
20,15,0.0008124034934496871,0.00021135692974538767
20,16,0.003214640776102784,0.00013813004208551583
20,17,0.0012050018575845423,0.00021684798728616173
20,18,0.0003832331193869276,0.00034816726742326054
20,19,0.0017309392523454648,0.00034965435542277934
20,21,0.0010113276906958957,0.00011000755350387692
20,22,0.0026737836344573607,0.00021187394461663622
20,23,0.000439529786075199,0.00028457643458745796
20,24,0.000918538342394859,2.1121135493795684e-05
20,25,0.0011113315342460295,0.0003521259974863522
20,26,0.000637467690275062,0.00017094195219113928
20,27,0.002378673502171469,0.00016431359267043977
20,28,0.0017833087638607914,0.00014051875625642474
21,1,0.0008909574835466172,0.00019738777968003607
21,2,0.000592413324304264,0.00029462379804223726
21,3,0.0007968187497373602,0.0002365769640487736
21,4,0.0006240578627880744,0.0001895211516491635
21,5,0.0006937741991800417,0.0005055299441626415
21,6,0.0012750875066958045,0.00015080341945161724
21,7,0.0004178057578178018,0.0004301195581626338
21,8,0.0005723051116652833,0.00040735981682982203
21,9,0.0011752403115841137,7.465587898303205e-05
21,10,0.0009172550311941086,0.0002123743777211473
21,11,0.00152371548239838,0.00025383107093279733
21,12,0.0002963226254761864,0.0002891939652293063
21,13,0.000570754804209983,0.0001088168674555634
21,14,0.0009132628464985082,0.00035058125034348464
21,15,0.00014921772993004012,0.00011939014182993368
21,16,0.0006438684042959775,4.3409391984661205e-05
21,17,0.00038470786682465175,0.00022676449698366685
21,18,0.00013356013167042935,0.0002891323515297195
21,19,0.0004905972488764565,0.00026355110224152156
21,20,0.0015668643376024471,0.00011353523818014022
21,22,0.0019896164959459783,0.00017183042515489522
21,23,0.0010450741925781548,0.00029998975774025993
21,24,0.0007116547125881612,0.0001989214937923034
21,25,0.0003270549403447953,0.00017887618634071512
21,26,0.001466149115942117,0.0001695023876672197
21,27,0.003143979075654557,0.00015070697424390822
21,28,0.0009003391229545077,0.00013016385411723785
22,1,0.002462686381847101,0.00039631983640442403
22,2,0.0006626976881716207,0.0003872380482911053
22,3,0.0014361319820650476,0.000640438721720038
22,4,0.0014570045336781412,0.00020054504370137227
22,5,0.0017023836106454526,0.0003661831264509807
22,6,0.0011154867310808614,0.0003165889738482308
22,7,0.000931671529424638,0.000597549413240861
22,8,0.0009372197720398656,0.0005748960291578342
22,9,0.0017052026150460309,0.0002100530480407814
22,10,0.00036464352939802325,0.0004802990465040402
22,11,0.0005655089972612659,0.0003321371455730082
22,12,0.0007769597640271408,0.00035911784999476115
22,13,0.0002721898354353103,0.00023528465588262826
22,14,0.001163916406560217,0.0002896513321720695
22,15,0.00014095972695193915,0.0001814390666545762
22,16,0.0016271824173481608,0.00021931605859959458
22,17,0.001114120570391508,0.00032903224357194727
22,18,0.00043133619542079504,0.0003481438326461417
22,19,0.0022387173173199493,0.000286543706145892
22,20,0.0025853468951820835,0.0004995520276680487
22,21,0.0004911710093360444,0.00015211975662321464
22,23,0.0005262488278988675,0.0003642170859590177
22,24,0.0007911067661228177,0.0001889804424195507
22,25,0.00039671039044386625,0.0003030508592839487
22,26,0.0017153212527836192,0.0002342784864107772
22,27,0.0024401183298250473,0.00040471362216276674
22,28,0.005067853525339783,0.0002840459005251095
23,1,0.001182736505349391,0.0003395347763633927
23,2,0.0010610439778019343,0.00027807976484872654
23,3,0.0016134636039287775,0.0003569725827785586
23,4,0.000888547458482436,0.00016191817409128006
23,5,0.0006274571131494877,0.00044497395938769557
23,6,0.0012226384089556452,0.0001730544392831712
23,7,0.0005990409226597215,0.00028263722170285277
23,8,0.0005277245998569491,0.00044546423955893477
23,9,0.00175559891208521,0.0002734473348006139
23,10,0.0005294167998940447,0.00028879480532861823
23,11,0.0004077669309838772,0.00015680321189626145
23,12,0.0004239134437047376,0.00026811438600671256
23,13,0.00045317787893950356,0.0002529328417910648
23,14,0.0005893300744916896,0.00021679720558176463
23,15,0.00023131180780966432,0.00016745728062284027
23,16,0.0005887315155210793,0.0001504758003576523
23,17,0.000978891707794749,0.00018118108370923647
23,18,0.0002558001515809982,0.0001296571512388045
23,19,0.0009130704393784939,0.0003279026748205238
23,20,0.0011877237084968462,0.000284278840369967
23,21,0.0004636987857734587,0.00019121950290890144
23,22,0.0010831181267512147,0.00016507663464560007
23,24,0.0009995303065366556,0.00028083724199090554
23,25,0.000570161290702087,0.0002453703084743797
23,26,0.0015324573583895829,0.00010990130870491832
23,27,0.0013256961058544237,0.00021193607988478913
23,28,0.0022205538165342986,0.00018477112833092946
24,1,0.0010350057902160925,0.0003642429086510024
24,2,0.0008144438538355558,0.0004721216984701071
24,3,0.000504548843867525,0.00048503419984757823
24,4,0.0021158189241844427,0.0003061656888537767
24,5,0.0010896277377985264,0.00045151018476818905
24,6,0.0012350960562074187,0.00021456985644630056
24,7,0.0008303709768137102,0.00035605601959276534
24,8,0.0008959265381363046,0.0002480962249822305
24,9,0.0018862266320838206,0.0001952334580933579
24,10,0.0011119827652916747,0.00035491124759545745
24,11,0.0006867868864813831,0.00024827408186911537
24,12,0.00038069364656756477,0.0003119927023909064
24,13,0.0009791557498101122,0.00019620979543943928
24,14,0.0004693360750365194,0.00035298007681994203
24,15,0.0002540924530978206,0.0001511662560171878
24,16,0.001761567964891242,0.0003979270254949041
24,17,0.001019148501659517,0.0003391124104928922
24,18,0.0005585070591592745,0.00016422736297683205
24,19,0.0009390218527997041,0.0004097404725400544
24,20,0.0011673391023120372,0.00020557367940932103
24,21,0.0005216273104484692,0.00016763444795486748
24,22,0.0005802000143236841,0.00018033082453583482
24,23,0.0005259894816953548,0.00023881027074557082
24,25,0.0008788923003270055,0.00018779874755703307
24,26,0.0009227347070071001,0.000149767745261431
24,27,0.002870448189571162,0.00021512915655319542
24,28,0.0015582310171853297,0.00019403124531458538
25,1,0.0011457221841797427,0.00018399165926152872
25,2,0.0005596735174241418,0.0001405027609613363
25,3,0.0010973236321156765,0.00045642552402624936
25,4,0.0003840741198276598,0.0002368004328985318
25,5,0.0006963539159524634,0.00023451658977236
25,6,0.0005704595381611499,0.00017586549351156222
25,7,0.0006365630569346026,0.0003437145336080416
25,8,0.0012230165587144848,0.0003376104160651705
25,9,0.0005234958850425242,0.00012010461324141186
25,10,0.0008906076762371651,0.0003004642999904217
25,11,0.000928594177925901,0.00017637585500607234
25,12,0.0010709712832228657,0.0003573474963235457
25,13,0.0006478579658376615,0.00014679604231238041
25,14,0.0005757001529477224,0.0003211750228706567
25,15,0.0005225168158569105,0.0002058878086962368
25,16,0.0011442124051315172,0.0001307695649920282
25,17,0.000934408837535039,0.0001664332821160741
25,18,0.00019110122546117658,0.0001300764005616184
25,19,0.0011842177448342373,0.00021527434013135505
25,20,0.0020628778108937595,0.00035841871229191913
25,21,0.00018678436804031584,0.0002047193071003095
25,22,0.0009134196203314238,0.00011706700435210049
25,23,0.0004164027066450027,0.00015721787768019357
25,24,0.0009480421514875825,0.00017060909083499443
25,26,0.0010575344446189794,0.00018498318817250503
25,27,0.0007171290930562124,0.00022037455468471023
25,28,0.0019661491372852113,7.681909480306004e-05
26,1,0.0017409865540840563,0.0002805145948606702
26,2,0.0004883368422829992,0.0003123222599009656
26,3,0.0005748210348096583,0.0003910905503318185
26,4,0.000747799633795454,7.276477284168248e-05
26,5,0.0006116223016521261,0.0003612331682082415
26,6,0.0012153008908678542,0.000193970071540428
26,7,0.0008341627028960463,8.238180115405225e-05
26,8,0.0003282418210507343,0.00020429601244886797
26,9,0.0003544303314721997,6.602750482298525e-05
26,10,0.0007531016731343598,0.00023477050875997385
26,11,0.0007001710159336705,0.00010436645217093421
26,12,0.000601910789593596,0.0003855064145353859
26,13,0.0002463608718528132,0.00010859003308683057
26,14,0.00022096219809319972,0.00021794019725729363
26,15,0.0005731477934565188,0.00021756917027693223
26,16,0.0016960834107644374,0.00016994196320219146
26,17,0.001101648271692679,0.00024846566719793906
26,18,0.0003667241635946228,0.00010725216007312355
26,19,0.001646919974671368,0.0003300642189009162
26,20,0.0011802459556105038,0.0003208077516567709
26,21,0.0006828938660704553,0.00016669281087366983
26,22,0.0015248913987344626,0.00021877050046870128
26,23,0.0004853242149065462,6.776578100753383e-05
26,24,0.0005778289177619245,0.00010233495588407582
26,25,0.000566469725144958,0.0002292779668805478
26,27,0.0015663363180959955,0.00029245820633982955
26,28,0.0017567875774484598,0.00017593262869508575
27,1,0.0010306155839243658,0.00017060764909226922
27,2,0.0003337039579514034,0.00015704463257903978
27,3,0.0008203927151626544,0.00037029226138451943
27,4,0.0015210424742604367,0.000133344585795947
27,5,0.0031054421626046658,0.00031160257276019454
27,6,0.0012848965829874714,0.00015625096293203633
27,7,0.0010206313120769694,0.0003258104262747752
27,8,0.0012532355970739095,0.00029815847340763924
27,9,0.0012452342524318372,0.00022638051611767462
27,10,0.00024490028092949423,0.00035474561244996927
27,11,0.0005723034159215157,0.00029765905284717675
27,12,0.0010106294020736373,0.00021419039793202366
27,13,0.001183817063676873,0.0001809350648119823
27,14,0.0009158332257869217,0.00015533537428402688
27,15,0.0009827895595962977,0.0002479319406052394
27,16,0.002174864640066554,0.0001605470878369708
27,17,0.001796952872748947,0.00025709237473570123
27,18,0.0008395831164730305,0.0001794354467533621
27,19,0.000896799824808614,0.00018455874826506236
27,20,0.0013391267460065581,0.0003163307634883594
27,21,0.0011946973750052159,9.834331450842004e-05
27,22,0.0015116667133949768,0.00020932806418372252
27,23,0.0006834436972190661,0.00021676470800813252
27,24,0.0017958000166155008,0.00020500921045873977
27,25,0.00024446989274196085,0.0002329376965062302
27,26,0.0010740333320309325,0.00019981588028150643
27,28,0.0005981959654970392,0.00012446607840688184
28,1,0.003196709151029542,0.0001970979081764579
28,2,0.0005291900929300652,0.00037388518369840806
28,3,0.0015934042165568485,0.0004885178561331305
28,4,0.0009665567274641518,0.00014255461995726915
28,5,0.0017582824897819371,0.00042656950514941006
28,6,0.0014204893729512502,0.0001570232985513842
28,7,0.0007377986040398854,0.00032376122362032245
28,8,0.0012604803341770277,0.00036179922436896383
28,9,0.0009995958948474382,0.00018913304259093877
28,10,0.0007494597932252711,0.00029003435639385344
28,11,0.0006198012528569885,0.0002416795433421992
28,12,0.0012211689017225247,0.0004987960559085236
28,13,0.0008309138910049807,0.00015783756991372133
28,14,0.0009844962963118098,0.0002702045523942376
28,15,0.0008945383459030287,0.00020056257767497865
28,16,0.001006094795835022,0.00018182647115805306
28,17,0.001799510371494728,0.0001626540983922231
28,18,0.000876912293539367,0.00030001678188307235
28,19,0.0013957773345495417,0.00039303089910891487
28,20,0.0018722324515599853,0.0003310355621790606
28,21,0.0005881252437983653,0.00018879908591629135
28,22,0.0020073884497474603,0.00022297372657764658
28,23,0.0008988974701653607,0.0002615208004134173
28,24,0.000994930176831943,0.00015514082367606985
28,25,0.0010286973868777194,0.00019913784072123075
28,26,0.0014393708529194527,0.00019520054997712588
28,27,0.0011314483244393436,0.0001750229096508793
29,30,0.004066500470163881,0.0019556273826751847
29,31,0.002063373515768241,0.0018445576477459369
29,32,0.0058654526213536284,0.0025726826483337684
29,33,0.0022956901305453137,0.0017257069279047466
29,34,0.002670147432945802,0.0017751224101849594
29,35,0.0045067075102815934,0.002807224416163212
29,36,0.0064134081009904476,0.003199939023000087
29,37,0.008176674536891193,0.003150113408079136
29,38,0.014032134570398869,0.002666733584277048
29,39,0.0028291890200436987,0.0020241981343627202
29,40,0.014063151171857968,0.0032532975824899335
29,41,0.003854486701385773,0.0019598593592632385
29,42,0.004789426664623231,0.00266477837194401
29,43,0.00517079667903475,0.002406312078613082
29,44,0.005879509764288193,0.001898366129407636
29,45,0.006419758638256612,0.0031642576571344616
29,46,0.0025356753662936216,0.002109889673454046
29,47,0.003791646512308011,0.0012264260002885496
29,48,0.0058285743986786764,0.003334078747175062
29,49,0.006882637602106834,0.002726808920263557
29,50,0.00494732617877347,0.003398589655892459
29,51,0.003515285910724364,0.002063728364064099
29,52,0.010577473185689357,0.005142772038980947
29,53,0.0031571587002382495,0.001599651076466091
29,54,0.010211821738188132,0.002750200950152548
29,55,0.004858678477407952,0.0019321271696294273
29,56,0.0033523963467053663,0.0022362430244107223
30,29,0.004331092870507924,0.0012290090218805005
30,31,0.0070945005004955375,0.0027135696279437793
30,32,0.004608059291930755,0.0013132768855953492
30,33,0.009476752489676277,0.0025177873133140904
30,34,0.010046822443054326,0.0028157935700310333
30,35,0.005366838481490888,0.0013850821243096556
30,36,0.0036413484469624002,0.0012970644700286416
30,37,0.01119338303775208,0.0025432874459602184
30,38,0.009437753502538393,0.0023388189703081874
30,39,0.0035623757081554297,0.0008855728686801845
30,40,0.005493776071481715,0.001777453852938482
30,41,0.005151716079944579,0.0011419746783374318
30,42,0.008210096464073335,0.0036174385891657446
30,43,0.007247706399693521,0.002063557480747269
30,44,0.0009625508041047892,0.0007823701477404077
30,45,0.008549756243934392,0.0027592079605139874
30,46,0.012669494632793432,0.0023820837676480355
30,47,0.0037100342797304897,0.0011849163301576038
30,48,0.00676388436371278,0.0020790533595287375
30,49,0.008255023220545943,0.002088851187524665
30,50,0.003831336887567094,0.0011667423316675807
30,51,0.004633329053859825,0.001692867683945165
30,52,0.01925726043995546,0.004229786792144918
30,53,0.018452767357489575,0.0021482083474820834
30,54,0.003714738138721807,0.0017354031401191072
30,55,0.0031146862443862666,0.0006685002862621969
30,56,0.008565892302451972,0.0017978632403364836
31,29,0.011446743956797456,0.004150755450515464
31,30,0.0030109573634239384,0.0019337907932086562
31,32,0.005793201790833424,0.002018480085722252
31,33,0.005226461551559036,0.0029938648455368755
31,34,0.00612353329033255,0.002601923016217089
31,35,0.014070585081538134,0.002176025905602952
31,36,0.00647466183518397,0.001476205590661972
31,37,0.016425669893683437,0.0052673705772124935
31,38,0.007205673427759796,0.0025992640821209667
31,39,0.009715921614261602,0.002359470471711589
31,40,0.006040342815855082,0.0024840859783075153
31,41,0.004947684245432793,0.0013961761853429344
31,42,0.008757309779549916,0.0037944916972876275
31,43,0.004662815430716449,0.0025316606492534754
31,44,0.010728865850177294,0.0016210576689111855
31,45,0.0007830879877391839,0.0016432349807117275
31,46,0.003978091275969375,0.0007783934281916371
31,47,0.007099953025809236,0.0011722950987960168
31,48,0.008015020047557164,0.0024748592533800906
31,49,0.01113983347398162,0.0028553539278554085
31,50,0.011752510663269322,0.0023922185275676577
31,51,0.010742900318893689,0.002988087253648186
31,52,0.02989191490423393,0.005173253135783984
31,53,0.009099970730952589,0.002175059920886291
31,54,0.006138918391776382,0.002629881048301641
31,55,0.011437395057252608,0.0016583314803225724
31,56,0.008498952380467939,0.0021253434667440896
32,29,0.005672895386913068,0.003559723385999858
32,30,0.010259389101946792,0.003259907789309735
32,31,0.010911795288547466,0.0033996561494898936
32,33,0.009069453692190699,0.0045032104580917665
32,34,0.006204130423936083,0.002250534338750998
32,35,0.010332761823263703,0.0031277207225431924
32,36,0.007869774846361977,0.0025153551720485945
32,37,0.015172184871641958,0.003499340370031634
32,38,0.012302941793471689,0.0022725006295161165
32,39,0.00893112375095062,0.0022115041974906102
32,40,0.008988726759271981,0.0028754802509568522
32,41,0.007413901646425858,0.002519494071627215
32,42,0.0105382357421403,0.003032692717546581
32,43,0.010445936406021983,0.0025506179414027663
32,44,0.011652388513830991,0.003480234988595954
32,45,0.007907491076362017,0.0031119592959968356
32,46,0.01246785956978158,0.0028596622390834048
32,47,0.006570531815220937,0.002148041638868059
32,48,0.01626098035528034,0.00425958375907276
32,49,0.010169286074614203,0.0027216742790998616
32,50,0.013429569520325257,0.003414056656493747
32,51,0.0038586369170787727,0.0013333243318977006
32,52,0.031269750515034334,0.005042101866399751
32,53,0.014537082859276684,0.0031154278037738292
32,54,0.0058818029604009725,0.002521861818682858
32,55,0.014155489963346257,0.0030604260813339446
32,56,0.01338673094846854,0.0031331272110203257
33,29,0.006784457280839873,0.0018537385846472132
33,30,0.008762253782687135,0.00205037580241596
33,31,0.007059341077489956,0.0025119987360220364
33,32,0.004496954951721532,0.0015855792677145208
33,34,0.01625700551374365,0.0031496960185933842
33,35,0.013132273378924864,0.002807280151314262
33,36,0.0067181949362744575,0.0018532782089514255
33,37,0.010527087932051926,0.0021346163192673684
33,38,0.02392337085593721,0.002669245850751567
33,39,0.004551087755499839,0.002506255715294836
33,40,0.012976341217288634,0.0035842441971860595
33,41,0.008612972210545577,0.001780319985954515
33,42,0.011960989133153355,0.0027749361965559993
33,43,0.014385251069455318,0.003892074131542911
33,44,0.009152758852498222,0.002097836353392557
33,45,0.006928062759793185,0.0016805198504884489
33,46,0.005801017707296796,0.001997262480472828
33,47,0.00960173351110083,0.0017126675263915425
33,48,0.007703446098954347,0.00291228617166861
33,49,0.013873819236555729,0.0035138253442353884
33,50,0.01699906686256769,0.0033196200627222394
33,51,0.006899319424484074,0.0016219951086587914
33,52,0.023333168146022376,0.004510535461551002
33,53,0.01804051551267427,0.002879396804621459
33,54,0.012330531112356713,0.0025372382999948595
33,55,0.012851511317345965,0.0015806845477871478
33,56,0.01468454326626889,0.00317305535153678
34,29,0.006633207616539072,0.003951100053480983
34,30,0.010426753717339032,0.004357193085339994
34,31,0.005472872385372973,0.002906253668045977
34,32,0.009161676596893042,0.003128174592427202
34,33,0.008324947655449666,0.0024374525329975416
34,35,0.010870624736236456,0.002306967469557497
34,36,0.010842733584775388,0.002064747077021978
34,37,0.013585906565404704,0.0029714742252821003
34,38,0.0216157711883761,0.0025010021572731134
34,39,0.0037628210627489445,0.002546260924876198
34,40,0.002645241564902201,0.0020897221397092602
34,41,0.008955681518559078,0.0027916440775057616
34,42,0.007251145734586406,0.0032139501044414764
34,43,0.014613838799540146,0.003615530524434085
34,44,0.0067828679084469545,0.0032397749013637345
34,45,0.0029419915382045136,0.0024502347146562187
34,46,0.010571185285107032,0.0027387320924753267
34,47,0.010302488862410697,0.002793848360657991
34,48,0.011412441657313144,0.0027857757640029623
34,49,0.015000857416851088,0.004168026825397408
34,50,0.01199083753435004,0.0030339909816758937
34,51,0.008535166323521803,0.0028859968512650047
34,52,0.0306446244626154,0.00475853060354281
34,53,0.02600616503453934,0.00273914547295262
34,54,0.013976316454030857,0.005046176959915383
34,55,0.011827825394658875,0.0019577572889345474
34,56,0.009502700324297675,0.0028428360394539
35,29,0.002714501789973456,0.0017408443826100184
35,30,0.00862535465595582,0.0032322278116916348
35,31,0.008408789608034928,0.002988686181529032
35,32,0.005829753018258721,0.0025750439806783154
35,33,0.007641392640641342,0.004001768928254101
35,34,0.007410361036479962,0.0019197653689257965
35,36,0.006318734960095496,0.002256353280983059
35,37,0.008981641870718815,0.0028057610477214556
35,38,0.023225638887372724,0.003003513530108415
35,39,0.004271808263567212,0.0018875630850262448
35,40,0.004857262622793401,0.003037585658688946
35,41,0.009396025559278098,0.0023312957917310806
35,42,0.0058699783132103445,0.001344775248828034
35,43,0.008844787457790937,0.002385597899139502
35,44,0.006759291091200992,0.0017286914478950033
35,45,0.004770855815110386,0.0018716462588516114
35,46,0.0067217242784781694,0.0014821351414439077
35,47,0.003223649009539642,0.0018462650848614093
35,48,0.005259111010133988,0.0020177145955834197
35,49,0.006918882126492942,0.001732194349172933
35,50,0.00563158269204489,0.001995463928960106
35,51,0.003618019952457141,0.0014087806570756145
35,52,0.006300559718449006,0.004202621581232524
35,53,0.00447346158074613,0.003495184727115186
35,54,0.004348428951119088,0.0013712829873996357
35,55,0.011879834569984093,0.0016456447430399646
35,56,0.005370442802300257,0.0021917097689079235
36,29,0.0021694299236261205,0.0017058066382825698
36,30,0.00858695998926573,0.002519551942426368
36,31,0.008095740700042042,0.0014158973872001601
36,32,0.006137962799055652,0.0017165545745787547
36,33,0.007156963072135536,0.00215454534341597
36,34,0.015356895150460015,0.003073449356489788
36,35,0.00788795667424147,0.002096466523622831
36,37,0.01265138717834391,0.0028085014202757774
36,38,0.007511135755132847,0.0010173426735740065
36,39,0.0035476897555146714,0.0010188587730833865
36,40,0.0021855317355233828,0.0020257805616493707
36,41,0.006727711553804472,0.0016483012975323508
36,42,0.004328958593359689,0.002432403720531995
36,43,0.005465137133314202,0.0016130780541232514
36,44,0.005014282324710684,0.0018909775574240673
36,45,0.0031997068528499817,0.0017175749318880662
36,46,0.008510720084231926,0.0019975127242057855
36,47,0.008050606326831966,0.002325711252962437
36,48,0.016614004265729565,0.0029294559923397356
36,49,0.011403514784062208,0.002023091400917165
36,50,0.005927727971273389,0.00126395668335344
36,51,0.006504143040135468,0.001102140769306592
36,52,0.023286534784322854,0.0038275010807946597
36,53,0.006662551742597667,0.0012155830270547119
36,54,0.009621038983544938,0.002396235122932855
36,55,0.009099873235725475,0.0013435723734336324
36,56,0.005813889544400208,0.001992125085680807
37,29,0.008411200139600838,0.0029004547386956014
37,30,0.011275824035976934,0.0041262164187079176
37,31,0.0026937564455485896,0.001673478803316919
37,32,0.0045301629779250785,0.0011235394449424785
37,33,0.01316017140445258,0.004372055086677262
37,34,0.012384215566068835,0.0032724672654026454
37,35,0.008492955064503871,0.0021995328103698863
37,36,0.006855309987408242,0.002177180460922301
37,38,0.020803373571847805,0.0028390363363639537
37,39,0.006130013614936702,0.002670964755913441
37,40,0.007087001444065488,0.00451342508279684
37,41,0.008457452198391557,0.001221068683981752
37,42,0.008485884607879579,0.003576420862312024
37,43,0.010457250555368058,0.004074950863838356
37,44,0.007551996640743797,0.002353328748029182
37,45,0.004844034133223762,0.002366433513002697
37,46,0.006422152626281208,0.002304187575578709
37,47,0.005634299962893996,0.001725942629166366
37,48,0.008769957516219562,0.0036270081482786543
37,49,0.006752992543053948,0.002349936081167958
37,50,0.006916007704419913,0.00229278916195208
37,51,0.0026137527183522913,0.001746753326512751
37,52,0.026236246266176044,0.005344959964429519
37,53,0.015853179254726957,0.0033414217064929863
37,54,0.007465610916666754,0.001617073451096629
37,55,0.003987868250877713,0.0009474185438087535
37,56,0.008438603350926166,0.0030800696936175154
38,29,0.004164026165767498,0.0013970991098700702
38,30,0.006864623549817761,0.0020601006829468194
38,31,0.0067416621790916675,0.0013342610370135066
38,32,0.0035161271496008117,0.0011493542260071488
38,33,0.004126782813956731,0.001272893111566309
38,34,0.0019985109143833,0.0008079034534472784
38,35,0.008044279068881388,0.0012306314838630428
38,36,0.005407740499592806,0.0010536320143422762
38,37,0.008465595551226723,0.0015845676550581
38,39,0.0023138938391245034,0.0005827754394506224
38,40,0.004373757640323106,0.0015689798075612105
38,41,0.002941293003402068,0.0006478982192001936
38,42,0.005078700832582106,0.0020084453156045123
38,43,0.0034610889487041163,0.001305577005968006
38,44,0.00882313261949419,0.002312041817470578
38,45,0.004070130915816761,0.001746236070115148
38,46,0.004391642983883726,0.0017756976737667296
38,47,0.004969444734998274,0.0017955957531112787
38,48,0.0049530693409719495,0.001995381116482786
38,49,0.004926080221942519,0.001823387058864534
38,50,0.009353941401424759,0.002009349231542168
38,51,0.0038789745837561895,0.0013133085635382846
38,52,0.017467173260791613,0.003678534757763141
38,53,0.0075966350258097615,0.0014864730858068498
38,54,0.004860743014006741,0.0008348461794390749
38,55,0.003662635450747187,0.0005650515762580799
38,56,0.0077439056752700575,0.002003207113798311
39,29,0.0049845148232618985,0.002321685504546145
39,30,0.010048943144464473,0.002905839992656145
39,31,0.005115722237101328,0.001153648123148332
39,32,0.006623120604415833,0.0017369016121173697
39,33,0.005707669529780746,0.0025079750766864306
39,34,0.005144437661055989,0.0016970354002996402
39,35,0.009408987532738555,0.0031389309877769556
39,36,0.013779423183298056,0.002793035533835142
39,37,0.006590228783108443,0.0026448769696454377
39,38,0.010579910909839896,0.0026405987630958583
39,40,0.012267848837878459,0.00487453123795667
39,41,0.007988522305948487,0.0028432207700023193
39,42,0.003188130699742997,0.002358634014688721
39,43,0.009144714418066746,0.0027489786993274423
39,44,0.0031925707161104544,0.0007900543782410896
39,45,0.005648894536451676,0.0021135776349007207
39,46,0.015599718784418681,0.002242255189968123
39,47,0.004247760596501116,0.0012969845559747117
39,48,0.0038093731841525313,0.0018172442686563706
39,49,0.004922919459741659,0.001596899667825169
39,50,0.007390476365319976,0.002616838113901343
39,51,0.005123391997116533,0.002147667628093042
39,52,0.01660854946864454,0.004555715518932413
39,53,0.009294066372426801,0.0036194891866946355
39,54,0.016364547374026372,0.003287724045763496
39,55,0.005137352870288159,0.0015980364240152367
39,56,0.004983681504318271,0.0016749981679824444
40,29,0.004129541866199404,0.0016976103610027993
40,30,0.00259049371577158,0.00213286174598204
40,31,0.007144714908354333,0.002658271218991426
40,32,0.0036338076891948567,0.002818672068968797
40,33,0.002403659932321056,0.0015470020994228229
40,34,0.002034767869565135,0.0007625272059154087
40,35,0.00470474315292746,0.003130158225685742
40,36,0.004247682541015263,0.00232759107861924
40,37,0.007073195983502978,0.003974301374065403
40,38,0.01389611160629034,0.0030144322219524122
40,39,0.0022880055925403875,0.001416695738282292
40,41,0.0022855508282589865,0.0015747517567102909
40,42,0.0040815129938169825,0.0024925875289401045
40,43,0.00360170375777058,0.0025357123117552005
40,44,0.0020997645166966894,0.0009131574994898362
40,45,0.0059771452246356604,0.0030579312539413817
40,46,0.007917202437682347,0.002054061882178493
40,47,0.0023451879368037165,0.0007705717817647617
40,48,0.003996184592687024,0.0019740344439188595
40,49,0.0017400559662329451,0.001091195522223698
40,50,0.003632744694768486,0.002590507367278394
40,51,0.0012077310625066007,0.0013740600931718694
40,52,0.013488943215978821,0.0037450745984310974
40,53,0.0042054637747310775,0.00281941532172425
40,54,0.004513484603292706,0.0019832574311182682
40,55,0.002327365428747452,0.0011454507035102424
40,56,0.004765425433401749,0.0019450210785671995
41,29,0.0021665922785831793,0.0017607941854733689
41,30,0.006730299087847391,0.0016067049673481604
41,31,0.009265855175402682,0.003783695379679153
41,32,0.011032266260213253,0.0027332560006764206
41,33,0.004853624931806633,0.0016363209606038431
41,34,0.005322837236735434,0.002979083701552976
41,35,0.006672640924275108,0.002008090392245032
41,36,0.010290046904542272,0.002897735036761273
41,37,0.02017199112627266,0.0035827466149034315
41,38,0.019479551146332597,0.002439559135295144
41,39,0.0020333099453739845,0.001256781954342534
41,40,0.0038484917711332223,0.002446874722244252
41,42,0.010424756344595831,0.004223572987105739
41,43,0.01073955900559831,0.0025095829456465157
41,44,0.004355113474194594,0.002792045166549406
41,45,0.008089164224077017,0.0034555946522695224
41,46,0.010845798809444585,0.0027108771919445163
41,47,0.008410714197980229,0.002550634492704984
41,48,0.01762824543047714,0.003455896897536559
41,49,0.01190060350104738,0.0023751638764901717
41,50,0.007208439600560834,0.001685253785798757
41,51,0.007197412632637512,0.001864663184960258
41,52,0.028493474603156654,0.006028538930473726
41,53,0.010771593842368477,0.00186603075321079
41,54,0.013476292451537586,0.002700900842172782
41,55,0.010453734487166022,0.0022609171636532865
41,56,0.01023570952096553,0.002824180358631523
42,29,0.002674104027466706,0.0027816386328789466
42,30,0.011857704832069382,0.0031200364974695027
42,31,0.009991527570434755,0.0029576504515893554
42,32,0.011375417036156854,0.0020932804445955577
42,33,0.00925447259315093,0.0038082525372520326
42,34,0.007172811136826773,0.003797462734693946
42,35,0.01734724477499905,0.0044714272398203025
42,36,0.011717344939212504,0.00291143041577846
42,37,0.010255748286537747,0.004122376960959073
42,38,0.02283176367072104,0.002536150099913037
42,39,0.004516859361433978,0.0015336368321883231
42,40,0.0023603787184350855,0.0030027681781468196
42,41,0.00726523254427669,0.002131464525746085
42,43,0.008468006865040345,0.0019218087685194396
42,44,0.005547333416997091,0.0015588437549917122
42,45,0.008093403497483997,0.003888632507504375
42,46,0.00860253853821824,0.0024544648893561893
42,47,0.014854182896239632,0.003901124106897358
42,48,0.009117594413687646,0.0022636861537667086
42,49,0.008691658499242472,0.002180263748221778
42,50,0.010625990768810878,0.0040217376958778805
42,51,0.014887445948410072,0.0024004292141108774
42,52,0.017858886505165317,0.003908042865548911
42,53,0.0134196074499775,0.003356988763406621
42,54,0.009121574793147902,0.0025213284148223325
42,55,0.005257656569760627,0.001224584912315252
42,56,0.013306507259944866,0.004256317003383692
43,29,0.0037402243923965184,0.0020847144569643428
43,30,0.01201276470503454,0.002660300208530364
43,31,0.005378070730360673,0.003252420557113722
43,32,0.006921191158202,0.001962807937241684
43,33,0.008789957892524347,0.002846656895123867
43,34,0.008584897436736627,0.0030075343042973435
43,35,0.008406450039237234,0.002900861023576118
43,36,0.006865905559635288,0.0026678086095647258
43,37,0.007866263354469494,0.0033806186542493233
43,38,0.01575135776501635,0.003961758833308293
43,39,0.002975465173257641,0.0015505055228492992
43,40,0.003887504570668443,0.003228793730915225
43,41,0.00917282818618681,0.0017965089411112745
43,42,0.010772989602856775,0.004263856755662099
43,44,0.005208584142101125,0.003239307548981496
43,45,0.010397632853292094,0.0029164541064076177
43,46,0.009537880795409737,0.0019547074671049103
43,47,0.004731385796002852,0.002021838239238405
43,48,0.010523277715538293,0.0038323702504804436
43,49,0.011087698963551662,0.004171567731096393
43,50,0.01228646183700599,0.00303464115383556
43,51,0.002902803454472136,0.0010788158121817215
43,52,0.026265484441969966,0.004765403494422338
43,53,0.012075786346284256,0.0034542447133608656
43,54,0.010739317820312122,0.0029572781545773585
43,55,0.009837267095105684,0.0024722188310469795
43,56,0.007804827123891411,0.002547953656753865
44,29,0.007742652353666113,0.0018117508554632566
44,30,0.008209223438445212,0.0024957350097407627
44,31,0.02186535728947181,0.003782025102097797
44,32,0.021526912425774758,0.0037361314749942975
44,33,0.011083625827387644,0.0027506325652441044
44,34,0.012228424747423472,0.003856775283228142
44,35,0.015770447061398962,0.0018049866089625555
44,36,0.015621487967048653,0.003221677052198335
44,37,0.020761244740144957,0.005536077137357931
44,38,0.009731190773825116,0.0020888781416077418
44,39,0.006910310674352549,0.001612608808557292
44,40,0.005447585163810609,0.0016133024514378702
44,41,0.015884033756244476,0.0031857848832597124
44,42,0.012097759810200448,0.002337689704539403
44,43,0.00890144280512506,0.0021490738326759296
44,45,0.0035604606172542352,0.0016421314871782888
44,46,0.013255115874126533,0.0037076085876738274
44,47,0.008711783398719697,0.00223383002220634
44,48,0.007900158711758198,0.003473458113973482
44,49,0.011021733939057365,0.003654668893518287
44,50,0.019734778308314826,0.004395705983077702
44,51,0.013515981600039417,0.002826281208396786
44,52,0.021617452478172483,0.0037223424377812453
44,53,0.018555338729373205,0.004267310879459529
44,54,0.023352106038407094,0.0040362377864657795
44,55,0.025924969755415694,0.0019115995127023666
44,56,0.01708850304091647,0.00260122647836325
45,29,0.0040442164477472176,0.003287732228289375
45,30,0.005217953111742335,0.002324134764108643
45,31,0.002202711454818762,0.002369825595957109
45,32,0.010644150543352437,0.0029540130229271933
45,33,0.007968025403396473,0.003130128197907034
45,34,0.00913142858242666,0.002433698588175992
45,35,0.011499504890863932,0.004411102561260427
45,36,0.008790282121880044,0.003154669397687271
45,37,0.008508951257812702,0.004507053793660565
45,38,0.009994552479675844,0.0045076682966123105
45,39,0.006947350996598822,0.002683566103818258
45,40,0.0027672221903605188,0.002214430686223512
45,41,0.012683624951673078,0.0025839710329874643
45,42,0.009234424235569638,0.003857817103668948
45,43,0.015439753250259924,0.002909983870602484
45,44,0.00469507680498138,0.0014486491913640043
45,46,0.007232529370055696,0.0017329177451664846
45,47,0.002960260291892558,0.0011134211480818834
45,48,0.010075728897841585,0.0027012223054238005
45,49,0.012953741785630246,0.003092093861214673
45,50,0.010939333546433061,0.0024891464060289303
45,51,0.004694843636225521,0.0015514426670449888
45,52,0.01900538729101786,0.004348152665888838
45,53,0.006207649499812007,0.0014522943659104337
45,54,0.012644230060803952,0.002468243208844645
45,55,0.007120495212812994,0.0018805875905217873
45,56,0.004387926342352189,0.0015273255691634624
46,29,0.0030488958609151684,0.0010404615893733205
46,30,0.011518198672002877,0.003160940444990712
46,31,0.0067575418722052305,0.0025345566047888513
46,32,0.005317412597879989,0.0016563998205119113
46,33,0.015514387801667473,0.0033371462132363305
46,34,0.015106297048279704,0.002560452152278847
46,35,0.004630638027541156,0.0018538648777755018
46,36,0.009169841878022278,0.0016722493722203247
46,37,0.00997433867966302,0.00359885838673768
46,38,0.022721036346063594,0.0024613019510423273
46,39,0.006035093378001455,0.0018341905215165655
46,40,0.004453248891119199,0.0030812801334633155
46,41,0.008239411019567155,0.0015997802680232098
46,42,0.010132218084105027,0.0022357715058389793
46,43,0.01668085443397127,0.004571851331893306
46,44,0.006355975834909988,0.0020967659430940477
46,45,0.009306668190618761,0.0024587665871045328
46,47,0.00354609024837238,0.0012213799660159008
46,48,0.008476460276620412,0.003691169120188742
46,49,0.005121761615578868,0.0011450865763080742
46,50,0.00549013467712689,0.0009972869388364947
46,51,0.0037574845521823885,0.0020954411750284674
46,52,0.012368521398433585,0.004191638594689184
46,53,0.00826544184902589,0.0022172737403246545
46,54,0.006984469968821516,0.0022569366692983817
46,55,0.014394701792368236,0.0017123705047202842
46,56,0.009178061912143654,0.0027677780282686637
47,29,0.010314204013685213,0.003947424177744074
47,30,0.01106922303207769,0.003695617714683741
47,31,0.006390923392455172,0.0019048183307274202
47,32,0.010903838529215726,0.0022067979606668064
47,33,0.011193834250872614,0.002901079334262313
47,34,0.012228074823857904,0.0032899730443630704
47,35,0.007308142020110209,0.0021712648801670564
47,36,0.006345586722334207,0.0020377274769052267
47,37,0.01410905356481118,0.0030441997979272495
47,38,0.018143658749208313,0.002241722031307569
47,39,0.013231115221955414,0.00365385634114046
47,40,0.008864866555813422,0.003746258214738951
47,41,0.010058485263807926,0.002793260369610695
47,42,0.010970582750946756,0.0038684001116640054
47,43,0.007529731202227108,0.0027004323216170967
47,44,0.008612313770859137,0.002060314257762874
47,45,0.015765685511920924,0.0038980778148434148
47,46,0.01024011418966464,0.0025220111246576637
47,48,0.01300982392752803,0.0037070777897726392
47,49,0.0031091336356396937,0.001027719678159844
47,50,0.008616059423412481,0.0020345522878074673
47,51,0.009636639367819666,0.0034459234517267845
47,52,0.016846310453826674,0.004558235302827396
47,53,0.012027384212813241,0.001912807503244407
47,54,0.008513484192156917,0.0015531961305351727
47,55,0.01079915834305234,0.0018562365585707008
47,56,0.0047385709670915155,0.0023437231606034947
48,29,0.007931249413291486,0.002484523451141807
48,30,0.0038187734307230103,0.001023149049471539
48,31,0.004621152310314347,0.001451086424335557
48,32,0.004779695879574608,0.0010748683847346951
48,33,0.007045155052946339,0.00200435578271696
48,34,0.004508302384914842,0.0021030922439277955
48,35,0.005707023580676651,0.0015791972524406006
48,36,0.005546264568537462,0.0008233129396217898
48,37,0.006030226946749595,0.0015489520316068761
48,38,0.011179094171447024,0.002087258529130942
48,39,0.005414799647535995,0.0010886587756488986
48,40,0.01225292872313466,0.002566636238409137
48,41,0.0044345168309126715,0.001502950742956144
48,42,0.00497784709318716,0.0023151662862781475
48,43,0.004688588813952399,0.0014094078562070234
48,44,0.00416487162414092,0.0011058916370916272
48,45,0.004873378539747675,0.002548093438071386
48,46,0.00868261013547389,0.002083792816151009
48,47,0.005486287237208898,0.00144693520224215
48,49,0.003096246537768632,0.0011443355561960855
48,50,0.003859021414350239,0.0010749665009102127
48,51,0.0021733923536984,0.0008845224681149899
48,52,0.00962684147406112,0.0019280671373742564
48,53,0.007658274130632248,0.001079631515395696
48,54,0.0048192565333237125,0.0013869234277185116
48,55,0.0064854261043405526,0.0010155467927377426
48,56,0.0025925523944194673,0.001099796971879785
49,29,0.00855138970325986,0.0031962164710231944
49,30,0.005032456607431124,0.001541096548264509
49,31,0.00761626514364222,0.0018798782224874744
49,32,0.004259169561076748,0.0013875325350508616
49,33,0.01242970916122177,0.0029190555147873276
49,34,0.01496440197984883,0.0020885733130183715
49,35,0.013002360460869222,0.0033378493119771147
49,36,0.01958873709205622,0.002963025873007896
49,37,0.00872623897596625,0.003014720291632522
49,38,0.015844420243887658,0.0029064507060960754
49,39,0.008822245601046608,0.002230594794934815
49,40,0.008901620777686081,0.00520584520126921
49,41,0.00813670751505935,0.0016522592117156343
49,42,0.013463093482085853,0.004169751621035278
49,43,0.01204674101606118,0.0032201658959830626
49,44,0.002123272502229323,0.0009453539658709209
49,45,0.004211063213191757,0.0019625049256579707
49,46,0.014035607398083516,0.0019955920828489404
49,47,0.009990255423694805,0.00273060415907167
49,48,0.01380396278439433,0.0015256138947955522
49,50,0.01130244181320561,0.00152686619505904
49,51,0.01068966693822071,0.0029604831991919545
49,52,0.0315215786735249,0.004284177854742555
49,53,0.015410761880827573,0.002686538404292005
49,54,0.009276277551758971,0.002343721191728765
49,55,0.005527862751431689,0.0015625878446273722
49,56,0.016787098579327142,0.0034939011418892996
50,29,0.0062325751248590855,0.002060830138317926
50,30,0.018725557623010092,0.004260741097545262
50,31,0.007347053587370755,0.003048406263330805
50,32,0.006977247585850166,0.0022438150399869405
50,33,0.00975751539864278,0.002865106034954268
50,34,0.011774248937290288,0.00387928584930175
50,35,0.00816246796005915,0.001704816162261702
50,36,0.01372841067988917,0.002784908564185562
50,37,0.02070110231504696,0.005986205141924494
50,38,0.022518442018625406,0.0027509416312465618
50,39,0.005360926408287003,0.0023880193429028918
50,40,0.003089305015928301,0.00222598682996733
50,41,0.008475769331818817,0.0023235996199246767
50,42,0.00959684188463339,0.0021244768215001875
50,43,0.01778315789291096,0.003925523343195847
50,44,0.0036887295779500784,0.0024835413783113047
50,45,0.005377921805574504,0.002004219486167358
50,46,0.01075566412805884,0.0034841232102674757
50,47,0.009918506821578799,0.002561610309604778
50,48,0.018243777401089623,0.0036008114405808866
50,49,0.008536166890203645,0.002420822553578672
50,51,0.0073692342332863925,0.0015674297404184578
50,52,0.015945310316043515,0.004077125764068379
50,53,0.014475842167556263,0.003033961291708409
50,54,0.012598384825640352,0.0033031222781242375
50,55,0.006877560239455405,0.0015375756024134102
50,56,0.008432714088319693,0.002375121831139415
51,29,0.00731712617017688,0.0027515140771424695
51,30,0.01749166067076602,0.0031407998038187612
51,31,0.010992951430713549,0.004411651294575103
51,32,0.007274306932173458,0.001952458897905518
51,33,0.011534299986393548,0.0027935061713889597
51,34,0.006892399309906483,0.002602926194484656
51,35,0.01000421884794267,0.0034322205073875622
51,36,0.015824612186612463,0.0037503672154940437
51,37,0.025210377884575697,0.004987483202447018
51,38,0.02548272867843937,0.003623425575711159
51,39,0.0069430998123113374,0.0023903497566596377
51,40,0.012514309571102111,0.0039303027254276035
51,41,0.011333281290436203,0.0015724171758482175
51,42,0.021718064190006436,0.006004513566838288
51,43,0.020686516507491315,0.005486923313990921
51,44,0.005931946304987501,0.0022378008454537746
51,45,0.00878224652476478,0.0037071131329573515
51,46,0.011496247701707318,0.002783424644317467
51,47,0.011595164396145163,0.002969666258963888
51,48,0.014074384488868996,0.003477016546288403
51,49,0.020026271540243057,0.004143162409401269
51,50,0.01504553679984999,0.0032397126432561762
51,52,0.01784634923443007,0.0037956638185151492
51,53,0.009274992760304746,0.0022788403362519194
51,54,0.014207392604507096,0.00322330562039419
51,55,0.010039768812662997,0.0021904030659828377
51,56,0.009529037825096731,0.0031730465235643157
52,29,0.0012129405016412242,0.0021998879599202104
52,30,0.003382356008011178,0.0016731208698702593
52,31,0.005729927598623896,0.0013855551330974603
52,32,0.009928638049853666,0.0017179715803092854
52,33,0.004182235347111929,0.0019604010481958367
52,34,0.00351611415506603,0.0011382174965428593
52,35,0.0031435125305629974,0.0008946637019761061
52,36,0.006508997221950419,0.0013720832800028226
52,37,0.005824582579931459,0.0022067758131089077
52,38,0.011944282839343678,0.0013315061439524989
52,39,0.007518388801904141,0.0016024102759094605
52,40,0.004680192683340301,0.002054483940435836
52,41,0.007175332753743269,0.002026576329419494
52,42,0.007084852894115978,0.0021290462823957412
52,43,0.006457400208840336,0.001712359816886222
52,44,0.006927672335322543,0.0019481685210164246
52,45,0.008815237038121593,0.0020337166750152846
52,46,0.004520428430239698,0.0024234936913359872
52,47,0.010276752144561363,0.0030126316732043135
52,48,0.00538051630237657,0.0022929614453045533
52,49,0.0028218158224270207,0.0010954261438241852
52,50,0.006652492093325968,0.002308387301544146
52,51,0.00857265867887913,0.002145820620790051
52,53,0.0035114438979827467,0.0011964031068374403
52,54,0.006325059293720292,0.0021739176540346294
52,55,0.00656122109799584,0.00047873682070787016
52,56,0.008519717975825625,0.0022263210955628665
53,29,0.0017565126715822776,0.0015857764216188341
53,30,0.00809969949031597,0.0016941834403596534
53,31,0.007541988226138052,0.0024284407815684528
53,32,0.0078013300515860085,0.002491627955777287
53,33,0.009421872061006975,0.002184074448170481
53,34,0.01804717448183102,0.003792187388236279
53,35,0.006785585559970997,0.0027316457542450046
53,36,0.011750465055824888,0.002219132954916825
53,37,0.008990403443979611,0.0021092076746735966
53,38,0.011465438769429404,0.0029129864039130204
53,39,0.0074850908266238525,0.002358633595634263
53,40,0.008134859586496734,0.003643640318483965
53,41,0.009734742206758074,0.001311411179037325
53,42,0.009269447446511925,0.003390561064061437
53,43,0.008637243779199166,0.0022302526797995936
53,44,0.0072706924100849335,0.0017378449821416897
53,45,0.011287555158856377,0.004537203496999265
53,46,0.004450023445116913,0.001400184388878234
53,47,0.006421901838686295,0.0019321630289262925
53,48,0.011625776330878801,0.003261516920926022
53,49,0.01078310938301541,0.0017823859213795812
53,50,0.009784049690899632,0.0020214192100479478
53,51,0.010718050180068994,0.0023245853680664563
53,52,0.007149248747151393,0.0014046928699509298
53,54,0.00998388661123184,0.0016896410376535664
53,55,0.013132960001559169,0.0011673577468597207
53,56,0.007421663327994654,0.00347781200748698
54,29,0.00737736945091072,0.003392627285866201
54,30,0.010891518514581366,0.002848470012197346
54,31,0.006762139398093003,0.0037514985969765435
54,32,0.0066758057123128545,0.0028673059192129147
54,33,0.015393378961921611,0.004219677195332006
54,34,0.015155213282800895,0.003923210006717803
54,35,0.011828282541291646,0.0021788459681745254
54,36,0.01064262614810585,0.00286227578854914
54,37,0.018868557332128222,0.0046330804831546946
54,38,0.028492514507023725,0.0042650325325050975
54,39,0.002297096789769082,0.0014007348937162822
54,40,0.003399697864487905,0.0030711865491106494
54,41,0.017108934637448114,0.0035344641843301217
54,42,0.011250017296726034,0.0033278330194183026
54,43,0.008500882035757273,0.0027919180992869164
54,44,0.006753837040127664,0.0026526072120206523
54,45,0.006371015718814488,0.0020708758865612964
54,46,0.0049795782566198765,0.0019976257749935167
54,47,0.006098557797895809,0.0028695094158243117
54,48,0.01975996290009363,0.004868114859327033
54,49,0.01846932980277949,0.00462770999631823
54,50,0.010018976827373294,0.0031084754703288864
54,51,0.009411415248009036,0.0025004844177882735
54,52,0.009811904575202535,0.003146305294680851
54,53,0.014938495417490705,0.003964643677376367
54,55,0.01725014236772693,0.003044244068034385
54,56,0.00692264075789728,0.0017392057492999768
55,29,0.01425557386839893,0.00437998579808041
55,30,0.005539496741240546,0.002692695363869957
55,31,0.004813691244200724,0.0016308100269821768
55,32,0.007933613950104168,0.0029258113535659547
55,33,0.007626749203255012,0.003695554305472415
55,34,0.010729227316293555,0.003875836888430073
55,35,0.017346632426546327,0.004141477011243788
55,36,0.005736786372063873,0.002712736331638821
55,37,0.009449590558485377,0.0030018677474900057
55,38,0.015889204342380392,0.001823196786559067
55,39,0.006579364074263183,0.0029144275913519646
55,40,0.009132906030797638,0.004977185879675439
55,41,0.010068290156020288,0.004070138044437677
55,42,0.010336483564848842,0.004507169249452825
55,43,0.012759759034988938,0.0043942265727116014
55,44,0.007327843039082849,0.0032682219683268787
55,45,0.0029889395874834745,0.0028745690291489545
55,46,0.004294117256962049,0.00109412399159603
55,47,0.016406856339764242,0.0027232226552217353
55,48,0.006481944950935792,0.0026711889786835696
55,49,0.00700176368357841,0.0027905738184399453
55,50,0.01545668299953129,0.00429628557914552
55,51,0.006366893825547115,0.0037930500581773163
55,52,0.03810777391966225,0.006018606956120887
55,53,0.018275827530713995,0.0038045512047166774
55,54,0.009776502076521698,0.002322410913303541
55,56,0.010786878086418095,0.003541986383956197
56,29,0.0029347431253250456,0.0018928857098969853
56,30,0.0056760379365979885,0.0022035385264418395
56,31,0.002503030426567965,0.000976820917418908
56,32,0.005409152493686897,0.0013122224827729623
56,33,0.010043938374658778,0.0028768627324411433
56,34,0.00671590557114754,0.0010800503469167166
56,35,0.010863158856999289,0.003766133124409765
56,36,0.007598477494074607,0.0022762244421724587
56,37,0.01518149338622199,0.0033204584975649043
56,38,0.0138130758007039,0.002116965171765739
56,39,0.006762470653567498,0.002197574630622756
56,40,0.003984202155132732,0.0012724021136500951
56,41,0.010426287568703563,0.002126735660029744
56,42,0.008476364091405952,0.0016225151797898407
56,43,0.005648148894156879,0.001753413213410382
56,44,0.006587184597134921,0.002081139193022441
56,45,0.006433980582302823,0.0016495586784996963
56,46,0.005108944367277379,0.001701246878569207
56,47,0.007564184918344097,0.002788499756909202
56,48,0.00688380460137783,0.002547093334431927
56,49,0.008406001331066615,0.0021135606764379755
56,50,0.007338048562498978,0.0016764733947788324
56,51,0.005342890729916672,0.0013199036549254028
56,52,0.01785984369401883,0.00431268352643932
56,53,0.010041380296015534,0.001970089365961214
56,54,0.007431699822721849,0.0010041881448538126
56,55,0.004075880975573654,0.0014100174862913262
1,29,0.0007956239140490817,3.815625423075897e-05
1,30,0.0007948982242642622,3.6689720532723236e-05
1,31,0.0008081836394620012,3.631818039784296e-05
1,32,0.0008102051707018498,3.822015557919389e-05
1,33,0.0008098196548161907,3.72137368687131e-05
1,34,0.0007816197695940108,3.8925745457385474e-05
1,35,0.0007819812443268237,4.054327300495597e-05
1,36,0.000799287378096869,3.864530883446182e-05
1,37,0.0008238068624106809,3.827948309031992e-05
1,38,0.0008125166184692612,3.924454330794802e-05
1,39,0.0008067880467869104,3.926743071480665e-05
1,40,0.0008136528613963412,3.510992177924166e-05
1,41,0.0008242625056184005,3.885670391789997e-05
1,42,0.0008019057274747388,3.9728717771470023e-05
1,43,0.0008018608648182601,3.726721563812596e-05
1,44,0.0008232350412358258,3.8027743843649375e-05
1,45,0.0008086569139866828,3.759624623855817e-05
1,46,0.0007815279240569462,3.76085822253458e-05
1,47,0.0007701266600654844,3.7987547509388264e-05
1,48,0.000800068167833623,3.84933057624437e-05
1,49,0.0008000529200093975,3.9444202160954234e-05
1,50,0.0007894687984731918,3.8831253077131755e-05
1,51,0.0008093487450634429,3.863364357914456e-05
1,52,0.0008016008103660655,3.7355740371225465e-05
1,53,0.0008138981105071386,3.655415174752541e-05
1,54,0.0008160607522463836,3.767782172769962e-05
1,55,0.0008066787705379719,3.67119128700244e-05
1,56,0.0008142257337611092,3.9269883638559655e-05
